{
  "txts\\01_“未来校园”智能应用专项赛.txt": {
    "size": 20181,
    "mtime": 1745084504.1795955,
    "last_processed": 1745088351.4446552
  },
  "txts\\02_3D编程模型创新设计专项赛.txt": {
    "size": 13551,
    "mtime": 1745075147.2719352,
    "last_processed": 1745081154.4319246
  },
  "txts\\03_2024年（第12届）“泰迪杯”数据挖掘挑战赛竞赛通知.txt": {
    "size": 10981,
    "mtime": 1745075149.434543,
    "last_processed": 1745088351.4459536
  },
  "txts\\06_极地资源勘探专项赛.txt": {
    "size": 29815,
    "mtime": 1745075152.8063593,
    "last_processed": 1745088351.4486237
  },
  "txts\\07_竞技机器人专项赛.txt": {
    "size": 40527,
    "mtime": 1745075153.8835616,
    "last_processed": 1745088351.4498975
  },
  "txts\\08_开源鸿蒙机器人专项赛.txt": {
    "size": 24509,
    "mtime": 1745075154.7490563,
    "last_processed": 1745088351.4510038
  },
  "txts\\测试.txt": {
    "size": 9979,
    "mtime": 1745052957.8556294,
    "last_processed": 1745057322.2670617
  },
  "txts\\10_三维程序创意设计专项赛.txt": {
    "size": 19055,
    "mtime": 1745075156.4977858,
    "last_processed": 1745088351.4532294
  },
  "txts\\test.txt": {
    "size": 5356,
    "mtime": 1745051810.5050862,
    "last_processed": 1745057322.2653298
  },
  "txts\\命令.txt": {
    "size": 172,
    "mtime": 1744981279.1698728,
    "last_processed": 1745057322.2661574
  },
  "txts\\16_智慧城市主题设计专项赛.txt": {
    "size": 40372,
    "mtime": 1745075162.536736,
    "last_processed": 1745081154.4515111
  },
  "txts\\09_人工智能综合创新专项赛.txt": {
    "size": 20174,
    "mtime": 1745088309.2569435,
    "last_processed": 1745088351.4521198
  },
  "txts\\11_生成式人工智能应用专项赛.txt": {
    "size": 17930,
    "mtime": 1745075157.3078327,
    "last_processed": 1745082640.5861707
  },
  "txts\\12_太空电梯工程设计专项赛.txt": {
    "size": 23593,
    "mtime": 1745075158.3819654,
    "last_processed": 1745081154.4462824
  },
  "txts\\13_太空探索智能机器人专项赛.txt": {
    "size": 30144,
    "mtime": 1745075159.471915,
    "last_processed": 1745088351.45424
  },
  "txts\\14_无人驾驶智能车专项赛.txt": {
    "size": 22346,
    "mtime": 1745075160.5176897,
    "last_processed": 1745088351.4552877
  },
  "txts\\15_虚拟仿真平台创新设计专项赛.txt": {
    "size": 22156,
    "mtime": 1745075161.4332454,
    "last_processed": 1745088351.456214
  },
  "txts\\17_智能数据采集装置设计专项赛.txt": {
    "size": 33520,
    "mtime": 1745075163.623746,
    "last_processed": 1745088351.4573407
  },
  "txts\\18_智能芯片与计算思维专项赛.txt": {
    "size": 23138,
    "mtime": 1745075164.5555685,
    "last_processed": 1745082640.5924094
  },
  "txts\\04_编程创作与信息学专项赛.txt": {
    "size": 25839,
    "mtime": 1745082411.9842093,
    "last_processed": 1745088351.4471073
  }
}