{
  "txts\\01_“未来校园”智能应用专项赛.txt": {
    "size": 20181,
    "mtime": 1745089421.619907,
    "last_processed": 1745154069.830441
  },
  "txts\\02_3D编程模型创新设计专项赛.txt": {
    "size": 13551,
    "mtime": 1745089422.484907,
    "last_processed": 1745154069.8317335
  },
  "txts\\03_2024年（第12届）“泰迪杯”数据挖掘挑战赛竞赛通知.txt": {
    "size": 10981,
    "mtime": 1745089424.611079,
    "last_processed": 1745154069.832614
  },
  "txts\\06_极地资源勘探专项赛.txt": {
    "size": 29815,
    "mtime": 1745089428.2162888,
    "last_processed": 1745154069.8355215
  },
  "txts\\07_竞技机器人专项赛.txt": {
    "size": 40527,
    "mtime": 1745089429.4327013,
    "last_processed": 1745154069.8366637
  },
  "txts\\08_开源鸿蒙机器人专项赛.txt": {
    "size": 24509,
    "mtime": 1745089430.36685,
    "last_processed": 1745154069.8377514
  },
  "txts\\测试.txt": {
    "size": 9979,
    "mtime": 1745052957.8556294,
    "last_processed": 1745057322.2670617
  },
  "txts\\10_三维程序创意设计专项赛.txt": {
    "size": 19055,
    "mtime": 1745089432.2860475,
    "last_processed": 1745154069.8401375
  },
  "txts\\test.txt": {
    "size": 5356,
    "mtime": 1745051810.5050862,
    "last_processed": 1745057322.2653298
  },
  "txts\\命令.txt": {
    "size": 172,
    "mtime": 1744981279.1698728,
    "last_processed": 1745057322.2661574
  },
  "txts\\16_智慧城市主题设计专项赛.txt": {
    "size": 40372,
    "mtime": 1745089438.419207,
    "last_processed": 1745154069.8469725
  },
  "txts\\09_人工智能综合创新专项赛.txt": {
    "size": 20172,
    "mtime": 1745090687.4216611,
    "last_processed": 1745154069.8387642
  },
  "txts\\11_生成式人工智能应用专项赛.txt": {
    "size": 17930,
    "mtime": 1745089433.1469133,
    "last_processed": 1745154069.8414838
  },
  "txts\\12_太空电梯工程设计专项赛.txt": {
    "size": 23593,
    "mtime": 1745089434.1073859,
    "last_processed": 1745154069.8424873
  },
  "txts\\13_太空探索智能机器人专项赛.txt": {
    "size": 30144,
    "mtime": 1745089435.1825428,
    "last_processed": 1745154069.843471
  },
  "txts\\14_无人驾驶智能车专项赛.txt": {
    "size": 22346,
    "mtime": 1745089436.2195432,
    "last_processed": 1745154069.844756
  },
  "txts\\15_虚拟仿真平台创新设计专项赛.txt": {
    "size": 22156,
    "mtime": 1745089437.195085,
    "last_processed": 1745154069.8459926
  },
  "txts\\17_智能数据采集装置设计专项赛.txt": {
    "size": 33520,
    "mtime": 1745089439.5631835,
    "last_processed": 1745154069.8478293
  },
  "txts\\18_智能芯片与计算思维专项赛.txt": {
    "size": 23138,
    "mtime": 1745089440.5310707,
    "last_processed": 1745154069.8486564
  },
  "txts\\04_编程创作与信息学专项赛.txt": {
    "size": 24911,
    "mtime": 1745089425.7053697,
    "last_processed": 1745154069.8336937
  },
  "txts\\05_机器人工程设计专项赛.txt": {
    "size": 46348,
    "mtime": 1745089427.143949,
    "last_processed": 1745154069.834573
  },
  "txts\\新建文本文档.txt": {
    "size": 5538,
    "mtime": 1745153245.6221352,
    "last_processed": 1745154069.849678
  }
}