{
  "txts\\01_“未来校园”智能应用专项赛.txt": {
    "size": 20181,
    "mtime": 1744980932.3379753,
    "last_processed": 1745057322.251814
  },
  "txts\\02_3D编程模型创新设计专项赛.txt": {
    "size": 13551,
    "mtime": 1744980933.1649914,
    "last_processed": 1745057322.252828
  },
  "txts\\03_2024年（第12届）“泰迪杯”数据挖掘挑战赛竞赛通知.txt": {
    "size": 10981,
    "mtime": 1744980935.2435682,
    "last_processed": 1745057322.2536976
  },
  "txts\\04_编程创作与信息学专项赛.txt": {
    "size": 24911,
    "mtime": 1744980936.340844,
    "last_processed": 1745057322.25467
  },
  "txts\\06_极地资源勘探专项赛.txt": {
    "size": 29815,
    "mtime": 1744980938.8176613,
    "last_processed": 1745057322.2557564
  },
  "txts\\07_竞技机器人专项赛.txt": {
    "size": 40527,
    "mtime": 1744980939.9487293,
    "last_processed": 1745057322.2567089
  },
  "txts\\08_开源鸿蒙机器人专项赛.txt": {
    "size": 24509,
    "mtime": 1744980940.88073,
    "last_processed": 1745057322.257826
  },
  "txts\\测试.txt": {
    "size": 9979,
    "mtime": 1745052957.8556294,
    "last_processed": 1745057322.2670617
  },
  "txts\\10_三维程序创意设计专项赛.txt": {
    "size": 18204,
    "mtime": 1745055709.5936854,
    "last_processed": 1745057322.2596192
  },
  "txts\\test.txt": {
    "size": 5356,
    "mtime": 1745051810.5050862,
    "last_processed": 1745057322.2653298
  },
  "txts\\命令.txt": {
    "size": 172,
    "mtime": 1744981279.1698728,
    "last_processed": 1745057322.2661574
  },
  "txts\\16_智慧城市主题设计专项赛.txt": {
    "size": 41629,
    "mtime": 1744897621.4517267,
    "last_processed": 1745057322.2645822
  },
  "txts\\09_人工智能综合创新专项赛.txt": {
    "size": 20174,
    "mtime": 1744980941.8731873,
    "last_processed": 1745057322.2587953
  },
  "txts\\11_生成式人工智能应用专项赛.txt": {
    "size": 17930,
    "mtime": 1744980943.6382048,
    "last_processed": 1745057322.2606628
  },
  "txts\\12_太空电梯工程设计专项赛.txt": {
    "size": 23593,
    "mtime": 1744980944.6452055,
    "last_processed": 1745057322.2614317
  },
  "txts\\13_太空探索智能机器人专项赛.txt": {
    "size": 30144,
    "mtime": 1744980945.702705,
    "last_processed": 1745057322.2622669
  },
  "txts\\14_无人驾驶智能车专项赛.txt": {
    "size": 22346,
    "mtime": 1744980946.6831534,
    "last_processed": 1745057322.263026
  },
  "txts\\15_虚拟仿真平台创新设计专项赛.txt": {
    "size": 22156,
    "mtime": 1744980947.628159,
    "last_processed": 1745057322.263767
  }
}